scenario,criterion,kappa_mean,kappa_q2.5,kappa_q97.5,w_stated_mean,w_eff_mean,shift_pp,nu_mean,delta_w_mean,pr_cr_lt_0.1
Nominal,Likelihood,0.8985913266772859,0.7107997350081056,0.9993145102430248,0.6352060988022755,0.7426412852838191,10.74351864815436,1.7962098590670819,0.1077600262904401,0.988
Nominal,Severity,0.5008354224706333,0.5008354224706334,0.5008354224706334,0.25937511468936747,0.17072989333656674,-8.864522135280072,1.7962098590670819,0.1077600262904401,0.988
Nominal,Detectability cost,0.6257681363874318,0.6257681363874318,0.6257681363874318,0.1054187865083571,0.0866288213796142,-1.8789965128742911,1.7962098590670819,0.1077600262904401,0.988
Vibration,Likelihood,0.903022147468475,0.7134183963908728,0.9997054778646504,0.6353611772812771,0.7437267518776501,10.836557459637309,1.8041705940590924,0.10858472891433935,0.9874
Vibration,Severity,0.5008354224706333,0.5008354224706334,0.5008354224706334,0.25908855212096243,0.16986800686643008,-8.922054525453236,1.8041705940590924,0.10858472891433935,0.9874
Vibration,Detectability cost,0.6257681363874318,0.6257681363874318,0.6257681363874318,0.10555027059776059,0.08640524125591982,-1.9145029341840771,1.8041705940590924,0.10858472891433935,0.9874
High T+M,Likelihood,0.9106702244456195,0.7193596846857346,0.9997916342983744,0.6353267642869966,0.7455230972661401,11.019633297914345,1.8187140754236513,0.11027903410485303,0.986
High T+M,Severity,0.5008354224706333,0.5008354224706334,0.5008354224706334,0.25920742287990545,0.1687450443972376,-9.046237848266786,1.8187140754236513,0.11027903410485303,0.986
High T+M,Detectability cost,0.6257681363874318,0.6257681363874318,0.6257681363874318,0.10546581283309797,0.08573185833662231,-1.9733954496475663,1.8187140754236513,0.11027903410485303,0.986
